phase_s,measure,window_start_utc,deviation_pct
0,intra_window,2026-09-10 12:46:00,-0.565
0,intra_window,2026-09-10 12:30:00,-0.511
0,endpoint,2026-09-11 12:30:00,-0.931
0,endpoint,2026-09-11 12:32:00,0.728
0,endpoint,2026-09-11 13:48:00,0.657
0,endpoint,2026-09-11 15:52:00,-0.644
0,endpoint,2026-09-11 13:58:00,0.609
0,intra_window,2026-09-11 12:30:00,-1.435
0,intra_window,2026-09-11 12:32:00,0.769
0,intra_window,2026-09-11 13:48:00,0.749
0,intra_window,2026-09-11 13:58:00,0.708
0,intra_window,2026-09-11 15:52:00,-0.646
0,intra_window,2026-09-11 12:36:00,0.634
0,intra_window,2026-09-11 14:02:00,0.563
0,intra_window,2026-09-11 15:54:00,-0.529
0,endpoint,2026-09-15 18:50:00,0.65
0,endpoint,2026-09-15 18:54:00,0.628
0,intra_window,2026-09-15 18:36:00,-1.086
0,intra_window,2026-09-15 18:28:00,0.725
0,intra_window,2026-09-15 18:44:00,-0.661
0,intra_window,2026-09-15 18:50:00,0.65
0,intra_window,2026-09-15 18:54:00,0.628
0,intra_window,2026-09-15 18:40:00,-0.623
0,intra_window,2026-09-15 18:42:00,-0.601
0,intra_window,2026-09-15 17:34:00,0.564
0,intra_window,2026-09-15 15:24:00,0.548
0,intra_window,2026-09-15 19:02:00,0.519
0,intra_window,2026-09-15 18:32:00,-0.513
0,endpoint,2026-09-16 18:00:00,-0.576
0,intra_window,2026-09-16 18:02:00,0.653
0,intra_window,2026-09-16 18:04:00,0.605
0,intra_window,2026-09-16 18:38:00,0.601
0,intra_window,2026-09-16 19:00:00,0.596
0,intra_window,2026-09-16 18:00:00,-0.588
0,intra_window,2026-09-16 18:06:00,0.504
0,endpoint,2026-09-18 13:46:00,0.669
0,endpoint,2026-09-18 13:50:00,0.628
0,endpoint,2026-09-18 13:38:00,0.623
0,endpoint,2026-09-18 13:54:00,-0.51
0,intra_window,2026-09-18 13:46:00,0.7
0,intra_window,2026-09-18 13:50:00,0.663
0,intra_window,2026-09-18 13:38:00,0.641
0,intra_window,2026-09-18 13:54:00,-0.602
0,endpoint,2026-09-21 08:38:00,0.763
0,intra_window,2026-09-21 08:38:00,1.497
0,intra_window,2026-09-21 20:26:00,0.585
0,intra_window,2026-09-21 08:32:00,0.578
0,intra_window,2026-09-21 09:38:00,0.53
0,intra_window,2026-09-21 08:44:00,-0.5
0,intra_window,2026-09-23 14:12:00,-0.562
0,endpoint,2026-09-24 14:48:00,-0.503
0,intra_window,2026-09-24 14:48:00,-0.503
0,endpoint,2026-09-25 14:02:00,-0.522
0,intra_window,2026-09-25 14:02:00,-0.572
0,intra_window,2026-09-25 13:46:00,-0.537
0,endpoint,2026-09-28 17:10:00,0.504
0,intra_window,2026-09-28 17:10:00,0.504
5,intra_window,2026-09-10 12:30:05,-0.652
5,intra_window,2026-09-10 12:46:05,-0.5
5,endpoint,2026-09-11 12:32:05,0.808
5,endpoint,2026-09-11 13:48:05,0.581
5,endpoint,2026-09-11 15:52:05,-0.577
5,intra_window,2026-09-11 12:30:05,-0.849
5,intra_window,2026-09-11 12:32:05,0.837
5,intra_window,2026-09-11 13:48:05,0.706
5,intra_window,2026-09-11 13:58:05,0.693
5,intra_window,2026-09-11 15:52:05,-0.662
5,intra_window,2026-09-11 12:36:05,0.637
5,intra_window,2026-09-11 15:54:05,-0.579
5,intra_window,2026-09-11 14:02:05,0.545
5,intra_window,2026-09-11 12:28:05,-0.526
5,endpoint,2026-09-15 18:50:05,0.706
5,endpoint,2026-09-15 18:54:05,0.574
5,endpoint,2026-09-15 18:44:05,-0.554
5,intra_window,2026-09-15 18:36:05,-1.083
5,intra_window,2026-09-15 18:50:05,0.724
5,intra_window,2026-09-15 18:28:05,0.705
5,intra_window,2026-09-15 18:54:05,0.666
5,intra_window,2026-09-15 18:40:05,-0.612
5,intra_window,2026-09-15 18:44:05,-0.606
5,intra_window,2026-09-15 19:02:05,0.571
5,intra_window,2026-09-15 18:42:05,-0.553
5,intra_window,2026-09-15 15:24:05,0.544
5,intra_window,2026-09-15 17:34:05,0.54
5,intra_window,2026-09-15 18:32:05,-0.526
5,endpoint,2026-09-16 18:34:05,-0.576
5,endpoint,2026-09-16 18:04:05,0.544
5,intra_window,2026-09-16 18:02:05,0.615
5,intra_window,2026-09-16 18:34:05,-0.576
5,intra_window,2026-09-16 18:04:05,0.57
5,intra_window,2026-09-16 19:00:05,0.543
5,endpoint,2026-09-18 13:46:05,0.606
5,endpoint,2026-09-18 13:38:05,0.549
5,intra_window,2026-09-18 13:46:05,0.68
5,intra_window,2026-09-18 13:50:05,0.635
5,intra_window,2026-09-18 13:38:05,0.578
5,endpoint,2026-09-21 08:38:05,0.644
5,intra_window,2026-09-21 08:38:05,1.435
5,intra_window,2026-09-21 08:32:05,0.585
5,intra_window,2026-09-21 20:26:05,0.585
5,intra_window,2026-09-21 09:32:05,0.525
5,intra_window,2026-09-21 09:38:05,0.502
5,intra_window,2026-09-23 14:12:05,-0.51
5,intra_window,2026-09-24 14:52:05,-0.502
5,intra_window,2026-09-25 14:02:05,-0.517
5,endpoint,2026-09-28 17:10:05,0.506
5,intra_window,2026-09-28 17:10:05,0.518
10,intra_window,2026-09-10 12:30:10,-0.536
10,endpoint,2026-09-11 12:32:10,0.933
10,endpoint,2026-09-11 15:52:10,-0.562
10,endpoint,2026-09-11 13:48:10,0.556
10,endpoint,2026-09-11 12:28:10,-0.552
10,endpoint,2026-09-11 13:58:10,0.535
10,intra_window,2026-09-11 12:32:10,0.948
10,intra_window,2026-09-11 12:30:10,-0.765
10,intra_window,2026-09-11 13:48:10,0.732
10,intra_window,2026-09-11 12:28:10,-0.681
10,intra_window,2026-09-11 13:58:10,0.676
10,intra_window,2026-09-11 15:52:10,-0.628
10,intra_window,2026-09-11 14:02:10,0.584
10,intra_window,2026-09-11 12:36:10,0.571
10,intra_window,2026-09-11 15:50:10,-0.57
10,intra_window,2026-09-11 15:54:10,-0.559
10,endpoint,2026-09-15 18:50:10,0.665
10,intra_window,2026-09-15 18:36:10,-1.026
10,intra_window,2026-09-15 18:50:10,0.749
10,intra_window,2026-09-15 18:28:10,0.705
10,intra_window,2026-09-15 18:44:10,-0.627
10,intra_window,2026-09-15 18:54:10,0.623
10,intra_window,2026-09-15 19:02:10,0.579
10,intra_window,2026-09-15 17:34:10,0.529
10,intra_window,2026-09-15 18:32:10,-0.506
10,endpoint,2026-09-16 18:34:10,-0.667
10,endpoint,2026-09-16 18:04:10,0.565
10,endpoint,2026-09-16 18:00:10,-0.545
10,intra_window,2026-09-16 18:00:10,-0.767
10,intra_window,2026-09-16 18:34:10,-0.761
10,intra_window,2026-09-16 18:04:10,0.605
10,intra_window,2026-09-16 18:02:10,0.563
10,intra_window,2026-09-16 18:36:10,0.537
10,intra_window,2026-09-16 18:38:10,0.536
10,intra_window,2026-09-16 19:00:10,0.503
10,endpoint,2026-09-18 13:46:10,0.61
10,endpoint,2026-09-18 13:38:10,0.523
10,endpoint,2026-09-18 13:50:10,0.51
10,intra_window,2026-09-18 13:46:10,0.673
10,intra_window,2026-09-18 13:50:10,0.667
10,intra_window,2026-09-18 13:38:10,0.567
10,endpoint,2026-09-21 08:38:10,0.638
10,intra_window,2026-09-21 08:38:10,1.415
10,intra_window,2026-09-21 08:32:10,0.585
10,intra_window,2026-09-21 20:26:10,0.561
10,intra_window,2026-09-23 14:12:10,-0.572
10,intra_window,2026-09-28 17:10:10,0.518
15,intra_window,2026-09-10 12:30:15,-0.6
15,endpoint,2026-09-11 12:32:15,0.863
15,endpoint,2026-09-11 13:58:15,0.643
15,endpoint,2026-09-11 15:50:15,-0.625
15,endpoint,2026-09-11 13:48:15,0.611
15,endpoint,2026-09-11 12:28:15,-0.561
15,intra_window,2026-09-11 12:32:15,0.941
15,intra_window,2026-09-11 12:30:15,-0.754
15,intra_window,2026-09-11 13:48:15,0.688
15,intra_window,2026-09-11 12:28:15,-0.679
15,intra_window,2026-09-11 13:58:15,0.652
15,intra_window,2026-09-11 12:36:15,0.647
15,intra_window,2026-09-11 15:50:15,-0.625
15,intra_window,2026-09-11 15:52:15,-0.543
15,intra_window,2026-09-11 14:02:15,0.52
15,endpoint,2026-09-15 18:50:15,0.638
15,intra_window,2026-09-15 18:36:15,-1.015
15,intra_window,2026-09-15 18:50:15,0.778
15,intra_window,2026-09-15 18:28:15,0.753
15,intra_window,2026-09-15 18:44:15,-0.617
15,intra_window,2026-09-15 17:34:15,0.536
15,intra_window,2026-09-15 19:02:15,0.529
15,intra_window,2026-09-15 18:32:15,-0.508
15,endpoint,2026-09-16 18:34:15,-0.609
15,endpoint,2026-09-16 18:36:15,0.516
15,endpoint,2026-09-16 18:02:15,0.512
15,intra_window,2026-09-16 18:34:15,-0.767
15,intra_window,2026-09-16 18:00:15,-0.639
15,intra_window,2026-09-16 18:02:15,0.634
15,intra_window,2026-09-16 18:36:15,0.55
15,intra_window,2026-09-16 18:04:15,0.546
15,intra_window,2026-09-16 18:06:15,0.512
15,endpoint,2026-09-18 13:38:15,0.623
15,endpoint,2026-09-18 13:50:15,0.597
15,intra_window,2026-09-18 13:50:15,0.697
15,intra_window,2026-09-18 13:38:15,0.623
15,intra_window,2026-09-18 13:46:15,0.609
15,intra_window,2026-09-18 13:54:15,-0.52
15,endpoint,2026-09-21 08:38:15,0.596
15,intra_window,2026-09-21 08:38:15,1.381
15,intra_window,2026-09-21 08:32:15,0.579
15,intra_window,2026-09-21 20:26:15,0.564
15,intra_window,2026-09-21 08:36:15,0.513
15,intra_window,2026-09-21 01:50:15,-0.501
15,endpoint,2026-09-23 16:00:15,-0.549
15,intra_window,2026-09-23 14:12:15,-0.58
15,intra_window,2026-09-23 16:00:15,-0.565
15,intra_window,2026-09-28 17:10:15,0.501
20,intra_window,2026-09-10 12:30:20,-0.521
20,endpoint,2026-09-11 12:28:20,-1.058
20,endpoint,2026-09-11 12:32:20,0.756
20,endpoint,2026-09-11 15:50:20,-0.753
20,endpoint,2026-09-11 13:58:20,0.66
20,endpoint,2026-09-11 13:48:20,0.589
20,intra_window,2026-09-11 12:28:20,-1.276
20,intra_window,2026-09-11 12:32:20,0.903
20,intra_window,2026-09-11 15:50:20,-0.759
20,intra_window,2026-09-11 13:48:20,0.695
20,intra_window,2026-09-11 13:58:20,0.692
20,intra_window,2026-09-11 12:36:20,0.575
20,intra_window,2026-09-11 14:02:20,0.539
20,intra_window,2026-09-11 12:30:20,0.516
20,intra_window,2026-09-11 15:54:20,-0.513
20,endpoint,2026-09-15 18:50:20,0.683
20,endpoint,2026-09-15 18:44:20,-0.503
20,intra_window,2026-09-15 18:36:20,-1.005
20,intra_window,2026-09-15 18:50:20,0.763
20,intra_window,2026-09-15 18:28:20,0.742
20,intra_window,2026-09-15 18:44:20,-0.626
20,intra_window,2026-09-15 18:54:20,0.548
20,intra_window,2026-09-15 17:34:20,0.532
20,intra_window,2026-09-15 18:32:20,-0.508
20,endpoint,2026-09-16 18:04:20,0.571
20,endpoint,2026-09-16 18:36:20,0.508
20,intra_window,2026-09-16 18:34:20,-0.764
20,intra_window,2026-09-16 18:04:20,0.587
20,intra_window,2026-09-16 18:02:20,0.519
20,intra_window,2026-09-16 18:36:20,0.508
20,endpoint,2026-09-18 13:38:20,0.657
20,endpoint,2026-09-18 13:50:20,0.556
20,intra_window,2026-09-18 13:50:20,0.676
20,intra_window,2026-09-18 13:38:20,0.657
20,intra_window,2026-09-18 13:46:20,0.586
20,intra_window,2026-09-18 13:54:20,-0.547
20,endpoint,2026-09-21 08:36:20,0.732
20,intra_window,2026-09-21 08:38:20,1.079
20,intra_window,2026-09-21 08:36:20,0.749
20,intra_window,2026-09-21 08:32:20,0.567
20,intra_window,2026-09-21 08:40:20,0.537
20,intra_window,2026-09-21 20:26:20,0.506
20,endpoint,2026-09-23 16:00:20,-0.57
20,intra_window,2026-09-23 16:00:20,-0.643
20,intra_window,2026-09-23 14:12:20,-0.564
20,endpoint,2026-09-25 14:02:20,-0.541
20,intra_window,2026-09-25 14:02:20,-0.555
20,intra_window,2026-09-28 17:10:20,0.501
