date,phase_s,day_range_pct,windows,endpoint_breaches,intra_breaches,intra_median_pct,intra_p99_pct,intra_max_pct
2026-09-10,0,2.75,719,0,2,0.0525,0.2395,0.5653
2026-09-11,0,5.05,719,5,8,0.0529,0.5295,1.4348
2026-09-12,0,0.58,719,0,0,0.0135,0.0769,0.1024
2026-09-13,0,1.24,719,0,0,0.0208,0.1619,0.3032
2026-09-14,0,4.2,719,0,0,0.0624,0.2855,0.4009
2026-09-15,0,4.38,719,2,11,0.0626,0.5636,1.0858
2026-09-16,0,1.99,719,1,6,0.0612,0.4871,0.6525
2026-09-17,0,1.55,719,0,0,0.0523,0.2198,0.3722
2026-09-18,0,6.69,719,4,4,0.0598,0.3281,0.6997
2026-09-19,0,1.37,719,0,0,0.0328,0.1665,0.2921
2026-09-20,0,1.71,719,0,0,0.0396,0.2376,0.3731
2026-09-21,0,8.1,719,1,5,0.0755,0.4714,1.4966
2026-09-22,0,1.88,719,0,0,0.0672,0.2527,0.3826
2026-09-23,0,4.53,719,0,1,0.054,0.3766,0.5624
2026-09-24,0,2.49,719,1,1,0.0609,0.3863,0.5033
2026-09-25,0,2.49,719,1,2,0.0527,0.2723,0.5718
2026-09-26,0,0.81,719,0,0,0.0184,0.1142,0.1711
2026-09-27,0,1.22,719,0,0,0.0281,0.1562,0.2316
2026-09-28,0,2.95,719,1,1,0.0608,0.314,0.5041
2026-09-29,0,2.16,719,0,0,0.0517,0.1978,0.2602
2026-09-10,5,2.75,719,0,2,0.0514,0.2738,0.652
2026-09-11,5,5.05,719,3,9,0.0529,0.5453,0.8492
2026-09-12,5,0.58,719,0,0,0.0133,0.0769,0.1147
2026-09-13,5,1.24,719,0,0,0.0206,0.175,0.2606
2026-09-14,5,4.2,719,0,0,0.0607,0.2712,0.4135
2026-09-15,5,4.38,719,3,11,0.0626,0.5528,1.0828
2026-09-16,5,1.99,719,2,4,0.0607,0.4638,0.6154
2026-09-17,5,1.55,719,0,0,0.0522,0.2185,0.3909
2026-09-18,5,6.69,719,2,3,0.0611,0.3173,0.6802
2026-09-19,5,1.37,719,0,0,0.0326,0.1519,0.2692
2026-09-20,5,1.71,719,0,0,0.0405,0.2285,0.3172
2026-09-21,5,8.1,719,1,5,0.0773,0.4498,1.435
2026-09-22,5,1.88,719,0,0,0.0672,0.2438,0.3927
2026-09-23,5,4.53,719,0,1,0.0548,0.3134,0.5096
2026-09-24,5,2.49,719,0,1,0.0605,0.3997,0.5018
2026-09-25,5,2.49,719,0,1,0.0518,0.2948,0.5173
2026-09-26,5,0.81,719,0,0,0.0186,0.1158,0.1487
2026-09-27,5,1.22,719,0,0,0.0276,0.1671,0.2218
2026-09-28,5,2.95,719,1,1,0.0591,0.3089,0.5176
2026-09-29,5,2.16,719,0,0,0.0515,0.2141,0.3054
2026-09-10,10,2.75,719,0,1,0.053,0.2882,0.5359
2026-09-11,10,5.05,719,5,10,0.054,0.5711,0.9477
2026-09-12,10,0.58,719,0,0,0.0131,0.0733,0.0877
2026-09-13,10,1.24,719,0,0,0.0209,0.1652,0.2587
2026-09-14,10,4.2,719,0,0,0.0597,0.2858,0.3276
2026-09-15,10,4.38,719,1,8,0.0633,0.5057,1.026
2026-09-16,10,1.99,719,3,7,0.0615,0.4844,0.7674
2026-09-17,10,1.55,719,0,0,0.0514,0.2225,0.3914
2026-09-18,10,6.69,719,3,3,0.0614,0.3322,0.673
2026-09-19,10,1.37,719,0,0,0.0323,0.1518,0.2765
2026-09-20,10,1.71,719,0,0,0.0398,0.2306,0.3625
2026-09-21,10,8.1,719,1,3,0.0769,0.4429,1.4146
2026-09-22,10,1.88,719,0,0,0.067,0.2449,0.3991
2026-09-23,10,4.53,719,0,1,0.0548,0.3289,0.5716
2026-09-24,10,2.49,719,0,0,0.0617,0.3596,0.4873
2026-09-25,10,2.49,719,0,0,0.0502,0.304,0.4983
2026-09-26,10,0.81,719,0,0,0.0186,0.1158,0.2266
2026-09-27,10,1.22,719,0,0,0.0276,0.1539,0.2551
2026-09-28,10,2.95,719,0,1,0.0609,0.3109,0.5176
2026-09-29,10,2.16,719,0,0,0.0515,0.2208,0.3054
2026-09-10,15,2.75,719,0,1,0.0518,0.2795,0.5996
2026-09-11,15,5.05,719,5,9,0.0528,0.5431,0.9408
2026-09-12,15,0.58,719,0,0,0.013,0.0733,0.0908
2026-09-13,15,1.24,719,0,0,0.0202,0.181,0.328
2026-09-14,15,4.2,719,0,0,0.0585,0.2688,0.3854
2026-09-15,15,4.38,719,1,7,0.0615,0.4907,1.0146
2026-09-16,15,1.99,719,3,6,0.0602,0.4436,0.7675
2026-09-17,15,1.55,719,0,0,0.0495,0.2251,0.3593
2026-09-18,15,6.69,719,2,4,0.063,0.3274,0.6974
2026-09-19,15,1.37,719,0,0,0.0325,0.1512,0.3065
2026-09-20,15,1.71,719,0,0,0.0405,0.2271,0.3502
2026-09-21,15,8.1,719,1,5,0.0774,0.48,1.3813
2026-09-22,15,1.88,719,0,0,0.0658,0.2436,0.3968
2026-09-23,15,4.53,719,1,2,0.0565,0.3198,0.5802
2026-09-24,15,2.49,719,0,0,0.0625,0.3724,0.4581
2026-09-25,15,2.49,719,0,0,0.0504,0.2914,0.4841
2026-09-26,15,0.81,719,0,0,0.0188,0.1086,0.2266
2026-09-27,15,1.22,719,0,0,0.027,0.1667,0.265
2026-09-28,15,2.95,719,0,1,0.0609,0.3161,0.5008
2026-09-29,15,2.16,719,0,0,0.0527,0.2208,0.3054
2026-09-10,20,2.75,719,0,1,0.0512,0.2521,0.5207
2026-09-11,20,5.05,719,5,9,0.0535,0.516,1.2759
2026-09-12,20,0.58,719,0,0,0.0131,0.0733,0.0877
2026-09-13,20,1.24,719,0,0,0.0207,0.1767,0.3528
2026-09-14,20,4.2,719,0,0,0.059,0.2829,0.3853
2026-09-15,20,4.38,719,2,7,0.0615,0.4885,1.0053
2026-09-16,20,1.99,719,2,4,0.0602,0.4339,0.7637
2026-09-17,20,1.55,719,0,0,0.0494,0.2225,0.3461
2026-09-18,20,6.69,719,2,4,0.0624,0.3288,0.6758
2026-09-19,20,1.37,719,0,0,0.0328,0.1617,0.3155
2026-09-20,20,1.71,719,0,0,0.041,0.2302,0.3446
2026-09-21,20,8.1,719,1,5,0.0803,0.4493,1.0791
2026-09-22,20,1.88,719,0,0,0.0662,0.2534,0.4154
2026-09-23,20,4.53,719,1,2,0.0569,0.3164,0.6434
2026-09-24,20,2.49,719,0,0,0.0618,0.365,0.4475
2026-09-25,20,2.49,719,1,1,0.0487,0.2967,0.5555
2026-09-26,20,0.81,719,0,0,0.0188,0.1113,0.2294
2026-09-27,20,1.22,719,0,0,0.0266,0.1562,0.3019
2026-09-28,20,2.95,719,0,1,0.0622,0.3341,0.5008
2026-09-29,20,2.16,719,0,0,0.0543,0.2244,0.3198
